id,depart,departLane,departPos,departSpeed,departDelay,arrival,arrivalLane,arrivalPos,arrivalSpeed,duration,routeLength,waitingTime,waitingCount,stopTime,timeLoss,rerouteNo,devices,vType,speedFactor,vaporized,CO_abs,CO2_abs,HC_abs,PMx_abs,NOx_abs,fuel_abs,electricity_abs
13,13.00,A2B2_0,5.10,0.00,0.00,22.00,A2B2_0,85.60,15.53,9.00,80.50,0.00,0,0.00,3.40,0,tripinfo_13 emissions_13 fcd_13,DEFAULT_VEHTYPE,1.12,,1019.442004,55464.125749,5.962446,1.097997,23.545158,17690.471821,0
1,1.00,B2B1_0,5.10,0.00,0.00,24.00,B1B0_0,85.60,5.87,23.00,180.50,0.00,0,0.00,8.99,0,tripinfo_1 emissions_1 fcd_1,DEFAULT_VEHTYPE,0.94,,1555.414261,74166.869674,8.822572,1.376058,31.021863,23655.991981,0
6,6.00,A1A0_0,5.10,0.00,0.00,33.00,B0C0_0,85.60,13.44,27.00,281.84,0.00,0,0.00,6.01,0,tripinfo_6 emissions_6 fcd_6,DEFAULT_VEHTYPE,1.05,,1724.952614,100410.903588,10.160010,1.897484,41.797714,32026.428304,0
21,21.00,B1B2_0,5.10,0.00,0.00,39.00,B2C2_0,85.60,13.48,18.00,175.13,0.00,0,0.00,4.96,0,tripinfo_21 emissions_21 fcd_21,DEFAULT_VEHTYPE,1.01,,1436.799949,83450.324130,8.469929,1.532486,34.595591,26616.836757,0
29,29.00,A4B4_0,5.10,0.00,0.00,47.00,B4C4_0,85.60,12.46,18.00,184.50,0.00,0,0.00,3.58,0,tripinfo_29 emissions_29 fcd_29,DEFAULT_VEHTYPE,0.93,,1028.467425,62558.685757,6.144646,1.066330,25.332284,19953.432663,0
7,7.00,D1C1_0,5.10,0.00,0.00,48.00,C3C2_0,85.60,11.45,41.00,365.40,0.00,0,0.00,9.32,0,tripinfo_7 emissions_7 fcd_7,DEFAULT_VEHTYPE,0.89,,2234.680412,129772.383812,13.197305,2.270738,53.188068,41391.583957,0
17,17.00,B4C4_0,5.10,0.00,0.00,49.00,C3C4_0,85.60,12.59,32.00,265.40,0.00,0,0.00,9.78,0,tripinfo_17 emissions_17 fcd_17,DEFAULT_VEHTYPE,0.94,,2325.769743,121305.459492,13.417093,2.271945,50.740976,38690.987159,0
39,41.00,B2B1_0,5.10,0.00,2.00,62.00,B1C1_0,85.60,11.59,21.00,180.30,0.00,0,0.00,4.69,0,tripinfo_39 emissions_39 fcd_39,DEFAULT_VEHTYPE,0.90,,1385.450102,73799.763913,8.042487,1.354883,30.757846,23538.815901,0
4,4.00,C0D0_0,5.10,0.00,0.00,64.00,A1A0_0,89.60,13.95,60.00,561.22,0.00,0,0.00,18.26,0,tripinfo_4 emissions_4 fcd_4,DEFAULT_VEHTYPE,1.03,,3760.356065,212256.437584,22.020627,3.929782,88.037492,67700.133068,0
37,37.00,D1C1_0,5.10,0.00,0.00,66.00,C0B0_0,85.60,15.23,29.00,274.92,0.00,0,0.00,10.92,0,tripinfo_37 emissions_37 fcd_37,DEFAULT_VEHTYPE,1.18,,2640.896151,142248.194932,15.423262,2.893007,61.053176,45370.462599,0
42,42.00,C0B0_0,5.10,0.00,0.00,70.00,B1B0_0,85.60,14.19,28.00,265.40,0.00,0,0.00,9.13,0,tripinfo_42 emissions_42 fcd_42,DEFAULT_VEHTYPE,1.09,,2429.443633,136166.094928,14.308837,2.711802,57.952607,43430.571466,0
57,57.00,E2E1_0,5.10,0.00,0.00,75.00,E1D1_0,85.60,15.66,18.00,175.13,0.00,0,0.00,5.71,0,tripinfo_57 emissions_57 fcd_57,DEFAULT_VEHTYPE,1.14,,1709.645435,96764.563906,10.099333,1.958241,41.321099,30863.297632,0
3,3.00,E1E2_0,5.10,0.00,0.00,78.00,A2A3_0,85.60,13.90,75.00,574.93,21.00,1,0.00,34.48,0,tripinfo_3 emissions_3 fcd_3,DEFAULT_VEHTYPE,1.08,,7060.141879,271977.606384,38.505777,5.553927,115.932825,86749.326212,0
18,18.00,D4E4_0,5.10,0.00,0.00,82.00,D0C0_0,85.60,12.17,64.00,672.86,0.00,0,0.00,11.18,0,tripinfo_18 emissions_18 fcd_18,DEFAULT_VEHTYPE,0.94,,2540.558054,188989.226686,15.790530,2.955223,74.127095,60279.123457,0
44,44.00,A2B2_0,5.10,0.00,0.00,82.00,A1A2_0,85.60,13.61,38.00,364.39,0.00,0,0.00,10.60,0,tripinfo_44 emissions_44 fcd_44,DEFAULT_VEHTYPE,1.04,,2834.843098,161599.204817,16.632744,3.093285,67.815025,51542.633904,0
11,11.00,B3C3_0,5.10,0.00,0.00,83.00,A4B4_0,89.60,13.35,72.00,461.58,21.00,1,0.00,37.49,0,tripinfo_11 emissions_11 fcd_11,DEFAULT_VEHTYPE,1.03,,6901.727082,241097.494641,37.028895,4.871458,102.787867,76900.321143,0
16,16.00,C3B3_0,5.10,0.00,0.00,84.00,E3E4_0,89.60,12.06,68.00,474.56,16.00,1,0.00,27.08,0,tripinfo_16 emissions_16 fcd_16,DEFAULT_VEHTYPE,0.88,,5191.410151,193256.655521,28.044603,3.544318,79.971279,61641.243321,0
20,20.00,D2C2_0,5.10,0.00,0.00,86.00,A1A2_0,85.60,14.09,66.00,469.56,13.00,1,0.00,29.82,0,tripinfo_20 emissions_20 fcd_20,DEFAULT_VEHTYPE,1.02,,6005.117757,250769.333299,33.206843,4.999542,106.749772,79984.562134,0
30,32.00,E4E3_0,5.10,0.00,2.00,86.00,D0E0_0,89.60,16.03,54.00,574.95,0.00,0,0.00,18.03,0,tripinfo_30 emissions_30 fcd_30,DEFAULT_VEHTYPE,1.18,,3156.729953,200529.490640,18.989686,3.675978,82.613301,63959.599740,0
48,48.00,E4E3_0,5.10,0.00,0.00,86.00,C3B3_0,85.60,11.15,38.00,379.13,0.00,0,0.00,5.83,0,tripinfo_48 emissions_48 fcd_48,DEFAULT_VEHTYPE,0.88,,1598.257970,107847.486045,9.697761,1.697616,42.581889,34398.604949,0
28,28.00,B0A0_0,5.10,0.00,0.00,93.00,D2D3_0,85.60,5.48,65.00,671.11,2.00,1,0.00,20.37,0,tripinfo_28 emissions_28 fcd_28,DEFAULT_VEHTYPE,1.13,,4293.248412,242866.551945,25.146884,4.580888,100.712403,77463.302364,0
23,23.00,A3A2_0,5.10,0.00,0.00,94.00,B2B3_0,85.60,5.59,71.00,280.10,33.00,1,0.00,46.31,0,tripinfo_23 emissions_23 fcd_23,DEFAULT_VEHTYPE,0.89,,8173.542132,209889.607705,42.128252,4.494824,91.550314,66947.341015,0
43,43.00,E4E3_0,5.10,0.00,0.00,97.00,C2C3_0,85.60,4.66,54.00,473.76,6.00,2,0.00,20.03,0,tripinfo_43 emissions_43 fcd_43,DEFAULT_VEHTYPE,1.04,,3992.853108,186152.588584,22.501355,3.521229,77.431684,59374.580201,0
53,53.00,A3A2_0,5.10,0.00,0.00,97.00,C1B1_0,85.60,14.47,44.00,469.56,0.00,0,0.00,10.74,0,tripinfo_53 emissions_53 fcd_53,DEFAULT_VEHTYPE,1.10,,3103.434217,188319.981347,18.580790,3.621485,78.899337,60065.211046,0
2,2.00,D2E2_0,5.10,0.00,0.00,98.00,D1D2_0,85.60,8.92,96.00,364.39,44.00,2,0.00,68.07,0,tripinfo_2 emissions_2 fcd_2,DEFAULT_VEHTYPE,1.01,,11571.614454,304310.381530,59.793872,6.646060,133.539830,97063.882532,0
38,38.00,E2E1_0,5.10,0.00,0.00,98.00,C1C2_0,85.60,9.46,60.00,369.76,14.00,1,0.00,34.39,0,tripinfo_38 emissions_38 fcd_38,DEFAULT_VEHTYPE,1.10,,5855.142768,214049.222388,31.736223,4.461148,92.667116,68272.667047,0
27,27.00,D0E0_0,5.10,0.00,0.00,102.00,C4D4_0,85.60,12.95,75.00,773.45,0.00,0,0.00,14.03,0,tripinfo_27 emissions_27 fcd_27,DEFAULT_VEHTYPE,0.95,,3277.443038,227932.054350,20.192152,3.755027,91.142160,72700.033053,0
0,0.00,D0E0_0,5.10,0.00,0.00,103.00,A0B0_0,89.60,13.65,103.00,782.77,20.00,2,0.00,46.57,0,tripinfo_0 emissions_0 fcd_0,DEFAULT_VEHTYPE,1.06,,9559.377093,397389.191523,52.933459,8.050299,169.840164,126749.860179,0
5,5.00,B1B0_0,5.10,0.00,0.00,103.00,C2C3_0,85.60,11.02,98.00,465.19,35.00,1,0.00,54.67,0,tripinfo_5 emissions_5 fcd_5,DEFAULT_VEHTYPE,0.83,,9932.531436,281361.114106,51.827022,5.873225,121.891407,89743.728166,0
34,37.00,B3B2_0,5.10,0.00,3.00,103.00,B2B1_0,85.60,8.67,66.00,180.50,41.00,1,0.00,52.68,0,tripinfo_34 emissions_34 fcd_34,DEFAULT_VEHTYPE,0.99,,8848.368012,203714.485333,45.058842,4.580879,90.090335,64978.038803,0
12,12.00,E3E2_0,5.10,0.00,0.00,104.00,B3B4_0,85.60,13.96,92.00,569.76,29.00,2,0.00,50.93,0,tripinfo_12 emissions_12 fcd_12,DEFAULT_VEHTYPE,1.05,,9279.141302,315476.547378,49.482002,6.424950,134.592039,100624.314643,0
45,45.00,A3A2_0,5.10,0.00,0.00,104.00,D0D1_0,85.60,14.64,59.00,681.64,0.00,0,0.00,12.68,0,tripinfo_45 emissions_45 fcd_45,DEFAULT_VEHTYPE,1.09,,3011.788522,209771.138773,18.119182,3.474509,82.668410,66907.487777,0
52,61.00,B2B1_0,5.10,0.00,9.00,105.00,D0E0_0,89.60,13.83,44.00,484.29,0.00,0,0.00,8.85,0,tripinfo_52 emissions_52 fcd_52,DEFAULT_VEHTYPE,1.02,,2366.626014,161112.894256,14.455082,2.820705,65.370426,51387.576035,0
65,65.00,B3A3_0,5.10,0.00,0.00,105.00,A1B1_0,85.60,11.57,40.00,380.09,0.00,0,0.00,7.41,0,tripinfo_65 emissions_65 fcd_65,DEFAULT_VEHTYPE,0.88,,1978.636197,120832.960727,11.737525,1.990136,48.493101,38540.398880,0
78,78.00,B3B4_0,5.10,0.00,0.00,107.00,C4C3_0,85.60,13.57,29.00,269.76,0.00,0,0.00,7.75,0,tripinfo_78 emissions_78 fcd_78,DEFAULT_VEHTYPE,1.01,,2161.101489,125201.222953,12.699173,2.335180,52.133475,39933.420039,0
10,12.00,D4C4_0,5.10,0.00,2.00,109.00,D1E1_0,85.60,13.92,97.00,565.20,39.00,1,0.00,56.45,0,tripinfo_10 emissions_10 fcd_10,DEFAULT_VEHTYPE,1.09,,10601.872470,339780.909810,56.256174,7.203029,147.095549,108376.511797,0
25,25.00,B4B3_0,5.10,0.00,0.00,110.00,B1A1_0,85.60,11.26,85.00,375.13,42.00,1,0.00,53.56,0,tripinfo_25 emissions_25 fcd_25,DEFAULT_VEHTYPE,0.87,,9459.725435,245398.632444,48.811842,5.096354,105.694913,78273.603364,0
58,58.00,B2C2_0,5.10,0.00,0.00,110.00,D0E0_0,89.60,13.33,52.00,478.92,4.00,1,0.00,16.65,0,tripinfo_58 emissions_58 fcd_58,DEFAULT_VEHTYPE,1.02,,3426.305869,181817.413075,19.746330,3.301720,74.611813,57991.703335,0
46,46.00,D3E3_0,5.10,0.00,0.00,112.00,C0D0_0,85.60,12.88,66.00,661.58,0.00,0,0.00,16.03,0,tripinfo_46 emissions_46 fcd_46,DEFAULT_VEHTYPE,1.00,,3499.125613,217680.512604,20.885321,3.795330,88.451927,69430.230586,0
76,76.00,C1C0_0,5.10,0.00,0.00,113.00,C2D2_0,85.60,14.08,37.00,365.40,0.00,0,0.00,10.22,0,tripinfo_76 emissions_76 fcd_76,DEFAULT_VEHTYPE,1.03,,2549.965729,152584.781985,15.116289,2.794050,63.029150,48667.533166,0
32,32.00,E0D0_0,5.10,0.00,0.00,115.00,D3D4_0,85.60,12.90,83.00,479.13,29.00,1,0.00,47.85,0,tripinfo_32 emissions_32 fcd_32,DEFAULT_VEHTYPE,1.01,,8289.441450,262514.593150,43.765903,5.314833,111.953560,83731.984124,0
41,41.00,C4B4_0,5.10,0.00,0.00,119.00,E1E2_0,85.60,12.25,78.00,757.22,0.00,0,0.00,18.10,0,tripinfo_41 emissions_41 fcd_41,DEFAULT_VEHTYPE,0.96,,4104.337951,250155.662502,24.473101,4.506357,103.026999,79788.201640,0
75,75.00,E4E3_0,5.10,0.00,0.00,119.00,D1C1_0,85.60,13.03,44.00,479.13,0.00,0,0.00,8.13,0,tripinfo_75 emissions_75 fcd_75,DEFAULT_VEHTYPE,0.98,,2312.965256,157008.776981,14.075704,2.717955,63.565200,50078.583356,0
19,19.00,E1D1_0,5.10,0.00,0.00,120.00,C4B4_0,85.60,14.27,101.00,574.92,41.00,1,0.00,63.97,0,tripinfo_19 emissions_19 fcd_19,DEFAULT_VEHTYPE,1.16,,11084.744204,340069.294379,58.319560,7.178845,146.662961,108468.822103,0
8,8.00,B1B0_0,5.10,0.00,0.00,121.00,C4C3_0,85.60,12.81,113.00,660.03,37.00,1,0.00,59.24,0,tripinfo_8 emissions_8 fcd_8,DEFAULT_VEHTYPE,0.94,,10838.868419,347322.662211,57.487273,7.056065,148.681216,110782.361003,0
63,64.00,A0B0_0,5.10,0.00,1.00,122.00,E2E3_0,85.60,12.47,58.00,685.84,0.00,0,0.00,7.35,0,tripinfo_63 emissions_63 fcd_63,DEFAULT_VEHTYPE,0.99,,2039.649862,161822.498145,12.842690,2.547607,63.151265,51614.052117,0
79,79.00,B1B2_0,5.10,0.00,0.00,122.00,B1B0_0,85.60,14.49,43.00,270.77,7.00,2,0.00,23.85,0,tripinfo_79 emissions_79 fcd_79,DEFAULT_VEHTYPE,1.09,,4052.944197,145323.447451,21.853153,2.950072,62.083206,46352.199430,0
22,22.00,A2A3_0,5.10,0.00,0.00,124.00,B1B2_0,85.60,4.29,102.00,460.03,38.00,2,0.00,65.32,0,tripinfo_22 emissions_22 fcd_22,DEFAULT_VEHTYPE,0.97,,11167.836847,320917.134679,58.340384,6.791253,139.430013,102360.424658,0
72,72.00,C0D0_0,5.10,0.00,0.00,127.00,B1A1_0,85.60,12.66,55.00,465.20,2.00,1,0.00,16.65,0,tripinfo_72 emissions_72 fcd_72,DEFAULT_VEHTYPE,0.94,,3357.998174,178877.443924,19.368131,3.180686,73.271755,57054.036165,0
14,14.00,E0D0_0,5.10,0.00,0.00,128.00,C4D4_0,85.60,12.67,114.00,673.76,44.00,2,0.00,63.49,0,tripinfo_14 emissions_14 fcd_14,DEFAULT_VEHTYPE,0.99,,11568.822814,357147.790577,60.943427,7.302003,152.725819,113916.425681,0
33,41.00,B1B2_0,5.10,0.00,8.00,128.00,A1A0_0,89.60,15.05,87.00,369.19,42.00,2,0.00,61.57,0,tripinfo_33 emissions_33 fcd_33,DEFAULT_VEHTYPE,1.17,,10988.226661,303486.680082,57.201478,6.575136,132.652534,96800.890352,0
36,36.00,E1E0_0,5.10,0.00,0.00,129.00,B3B2_0,85.60,12.69,93.00,761.58,5.00,2,0.00,34.53,0,tripinfo_36 emissions_36 fcd_36,DEFAULT_VEHTYPE,0.97,,6246.952562,298198.851789,35.374179,5.618315,124.451961,95112.358759,0
89,90.00,C0D0_0,5.10,0.00,1.00,129.00,C1D1_0,85.60,13.32,39.00,360.03,0.00,0,0.00,11.33,0,tripinfo_89 emissions_89 fcd_89,DEFAULT_VEHTYPE,1.02,,2770.284386,156923.734694,16.321194,2.975724,65.867045,50051.427312,0
64,64.00,E1E0_0,5.10,0.00,0.00,130.00,D4E4_0,89.60,12.33,66.00,669.94,0.00,0,0.00,11.68,0,tripinfo_64 emissions_64 fcd_64,DEFAULT_VEHTYPE,0.94,,3296.892317,217535.572288,19.935600,3.624322,87.288534,69384.073663,0
55,59.00,E1E0_0,5.10,0.00,4.00,131.00,B2A2_0,85.60,13.28,72.00,671.11,4.00,1,0.00,22.05,0,tripinfo_55 emissions_55 fcd_55,DEFAULT_VEHTYPE,1.00,,4155.123016,233036.177489,24.230798,4.228753,95.840337,74328.059520,0
47,48.00,A1B1_0,5.10,0.00,1.00,132.00,B4C4_0,85.60,12.31,84.00,474.92,26.00,2,0.00,43.84,0,tripinfo_47 emissions_47 fcd_47,DEFAULT_VEHTYPE,0.90,,8321.762956,256281.941233,43.883931,5.149056,109.453389,81744.190389,0
77,78.00,A3A4_0,5.10,0.00,1.00,132.00,B1B0_0,85.60,13.54,54.00,571.31,0.00,0,0.00,10.38,0,tripinfo_77 emissions_77 fcd_77,DEFAULT_VEHTYPE,0.98,,2570.165784,178272.239175,15.716701,2.907079,70.845393,56860.835686,0
93,93.00,E1D1_0,5.10,0.00,0.00,133.00,B1C1_0,85.60,12.03,40.00,370.77,0.00,0,0.00,9.67,0,tripinfo_93 emissions_93 fcd_93,DEFAULT_VEHTYPE,0.92,,2475.788370,142510.244710,14.529302,2.571623,58.775825,45454.321636,0
15,15.00,D4C4_0,5.10,0.00,0.00,134.00,D2D3_0,85.60,12.13,119.00,455.67,60.00,2,0.00,79.28,0,tripinfo_15 emissions_15 fcd_15,DEFAULT_VEHTYPE,0.93,,13988.794292,360652.099358,72.104972,7.758245,157.241098,115035.171411,0
71,72.00,B2B1_0,5.10,0.00,1.00,136.00,E1D1_0,85.60,13.44,64.00,470.57,8.00,1,0.00,26.18,0,tripinfo_71 emissions_71 fcd_71,DEFAULT_VEHTYPE,0.97,,5604.303940,239441.718534,31.138132,4.755158,101.976574,76371.474399,0
80,82.00,A2A1_0,5.10,0.00,2.00,137.00,D0D1_0,85.60,13.49,55.00,581.64,0.00,0,0.00,13.09,0,tripinfo_80 emissions_80 fcd_80,DEFAULT_VEHTYPE,1.03,,3194.168999,208618.001085,19.321195,3.641639,84.463438,66539.615293,0
86,86.00,C1D1_0,5.10,0.00,0.00,137.00,D3D4_0,85.60,13.22,51.00,380.29,14.00,1,0.00,22.32,0,tripinfo_86 emissions_86 fcd_86,DEFAULT_VEHTYPE,1.00,,4444.053333,163256.195187,23.941260,3.141171,68.347415,52072.146968,0
94,97.00,B0C0_0,5.10,0.00,3.00,137.00,C1C0_0,85.60,14.24,40.00,270.57,8.00,1,0.00,19.96,0,tripinfo_94 emissions_94 fcd_94,DEFAULT_VEHTYPE,1.09,,3997.657214,161218.569368,22.032101,3.319153,69.414390,51421.712286,0
9,9.00,D4C4_0,5.10,0.00,0.00,138.00,A0A1_0,89.60,10.63,129.00,771.11,41.00,1,0.00,61.30,0,tripinfo_9 emissions_9 fcd_9,DEFAULT_VEHTYPE,0.86,,11107.113705,356164.249076,58.863659,6.885555,150.095398,113602.888473,0
35,35.00,B1A1_0,5.10,0.00,0.00,138.00,E3D3_0,85.60,5.05,103.00,760.03,30.00,2,0.00,47.87,0,tripinfo_35 emissions_35 fcd_35,DEFAULT_VEHTYPE,1.02,,8721.438767,317513.448223,46.940851,6.072917,132.302062,101274.112896,0
99,99.00,E4E3_0,5.10,0.00,0.00,139.00,E0D0_0,89.60,14.98,40.00,480.68,0.00,0,0.00,8.29,0,tripinfo_99 emissions_99 fcd_99,DEFAULT_VEHTYPE,1.10,,1962.331724,144419.676637,12.109647,2.401254,57.215395,46063.263216,0
66,67.00,E1E0_0,5.10,0.00,1.00,140.00,E3D3_0,85.60,7.44,73.00,656.21,0.00,0,0.00,18.45,0,tripinfo_66 emissions_66 fcd_66,DEFAULT_VEHTYPE,0.91,,3772.339024,216495.173242,22.150406,3.832222,88.958118,69052.250375,0
84,84.00,B1A1_0,5.10,0.00,0.00,143.00,A3B3_0,85.60,9.47,59.00,369.76,20.00,1,0.00,34.38,0,tripinfo_84 emissions_84 fcd_84,DEFAULT_VEHTYPE,1.15,,6498.478713,217484.644252,34.714331,4.624165,94.344329,69368.683159,0
40,43.00,C3C4_0,5.10,0.00,3.00,145.00,B2A2_0,85.60,13.56,102.00,465.40,43.00,3,0.00,66.69,0,tripinfo_40 emissions_40 fcd_40,DEFAULT_VEHTYPE,1.03,,11947.838447,349501.738637,62.558537,7.491708,152.268602,111477.593815,0
87,87.00,D4C4_0,5.10,0.00,0.00,145.00,B0C0_0,85.60,13.41,58.00,680.09,0.00,0,0.00,8.90,0,tripinfo_87 emissions_87 fcd_87,DEFAULT_VEHTYPE,1.04,,2505.692881,193305.951699,15.564406,3.121285,76.063396,61655.766869,0
31,31.00,C3C4_0,5.10,0.00,0.00,146.00,D1D2_0,85.60,15.00,115.00,560.03,51.00,2,0.00,77.83,0,tripinfo_31 emissions_31 fcd_31,DEFAULT_VEHTYPE,1.15,,13803.275559,414174.489563,72.688748,9.069619,181.652577,132105.291957,0
61,61.00,D3D4_0,5.10,0.00,0.00,147.00,C3B3_0,85.60,14.31,86.00,365.40,36.00,3,0.00,60.82,0,tripinfo_61 emissions_61 fcd_61,DEFAULT_VEHTYPE,1.12,,10640.077660,303064.448024,55.624973,6.632993,133.188773,96665.904569,0
62,62.00,A0A1_0,5.10,0.00,0.00,147.00,B3B2_0,85.60,14.11,85.00,473.76,38.00,1,0.00,49.44,0,tripinfo_62 emissions_62 fcd_62,DEFAULT_VEHTYPE,1.02,,9060.655533,268904.323417,47.472220,5.531978,115.080509,85770.341146,0
73,73.00,C3C2_0,5.10,0.00,0.00,148.00,D2D3_0,85.60,14.29,75.00,280.10,36.00,4,0.00,54.27,0,tripinfo_73 emissions_73 fcd_73,DEFAULT_VEHTYPE,1.06,,9822.117664,262395.104687,50.883825,5.790784,115.439259,83694.286928,0
56,56.00,C2C3_0,5.10,0.00,0.00,150.00,B0B1_0,85.60,12.39,94.00,560.03,26.00,3,0.00,46.64,0,tripinfo_56 emissions_56 fcd_56,DEFAULT_VEHTYPE,0.90,,8947.007035,299028.599019,47.705081,5.912569,126.953151,95378.379882,0
97,97.00,C1C0_0,5.10,0.00,0.00,151.00,E0E1_0,89.60,12.09,54.00,381.63,11.00,1,0.00,21.59,0,tripinfo_97 emissions_97 fcd_97,DEFAULT_VEHTYPE,0.91,,4479.351321,174393.636541,24.441796,3.338330,73.251032,55624.383681,0
90,90.00,D2D3_0,5.10,0.00,0.00,152.00,D1D0_0,85.60,9.45,62.00,370.77,14.00,1,0.00,34.81,0,tripinfo_90 emissions_90 fcd_90,DEFAULT_VEHTYPE,1.02,,5918.805195,210243.945046,31.894972,4.299745,90.464126,67059.148004,0
51,53.00,D1D2_0,5.10,0.00,2.00,153.00,C3B3_0,85.60,6.14,100.00,380.30,46.00,2,0.00,75.94,0,tripinfo_51 emissions_51 fcd_51,DEFAULT_VEHTYPE,1.17,,11641.379810,300810.402150,60.092296,6.557826,132.077614,95947.662310,0
54,54.00,C1C2_0,5.10,0.00,0.00,155.00,E3E2_0,85.60,12.81,101.00,469.76,44.00,2,0.00,65.67,0,tripinfo_54 emissions_54 fcd_54,DEFAULT_VEHTYPE,1.00,,11296.375993,320979.476262,58.884829,6.732064,138.744398,102380.477461,0
70,70.00,C2B2_0,5.10,0.00,0.00,155.00,C3C4_0,85.60,13.07,85.00,369.56,34.00,3,0.00,56.67,0,tripinfo_70 emissions_70 fcd_70,DEFAULT_VEHTYPE,1.02,,9919.876034,286121.947801,51.871955,6.082397,124.343984,91262.034750,0
50,50.00,A0A1_0,5.10,0.00,0.00,156.00,D2D1_0,85.60,11.71,106.00,573.76,44.00,1,0.00,56.20,0,tripinfo_50 emissions_50 fcd_50,DEFAULT_VEHTYPE,0.85,,10380.915181,301542.473960,54.304087,5.997839,128.155145,96181.042326,0
91,91.00,E4D4_0,5.10,0.00,0.00,157.00,A2B2_0,85.60,11.25,66.00,685.64,0.00,0,0.00,9.36,0,tripinfo_91 emissions_91 fcd_91,DEFAULT_VEHTYPE,0.89,,2640.446195,178690.837924,16.064699,2.864270,70.981489,56994.445369,0
96,97.00,B1C1_0,5.10,0.00,1.00,160.00,E2E1_0,85.60,13.60,63.00,469.55,6.00,1,0.00,27.17,0,tripinfo_96 emissions_96 fcd_96,DEFAULT_VEHTYPE,1.01,,5419.096294,235931.632840,30.150645,4.673418,100.191986,75251.864496,0
98,98.00,C3C4_0,5.10,0.00,0.00,163.00,A1A2_0,85.60,14.68,65.00,660.03,5.00,1,0.00,21.03,0,tripinfo_98 emissions_98 fcd_98,DEFAULT_VEHTYPE,1.12,,4815.174425,268555.454478,28.033795,5.006848,110.712069,85656.990041,0
85,85.00,E2E3_0,5.10,0.00,0.00,166.00,C3D3_0,85.60,12.48,81.00,370.57,35.00,2,0.00,51.13,0,tripinfo_85 emissions_85 fcd_85,DEFAULT_VEHTYPE,0.98,,9546.812781,270878.709274,49.855563,5.774153,117.849809,86400.104999,0
88,88.00,A2B2_0,5.10,0.00,0.00,166.00,C1B1_0,85.60,13.27,78.00,369.76,33.00,1,0.00,49.18,0,tripinfo_88 emissions_88 fcd_88,DEFAULT_VEHTYPE,1.01,,8957.504460,261681.449193,46.954777,5.523199,113.449596,83466.422932,0
81,84.00,B1B2_0,5.10,0.00,3.00,170.00,E2D2_0,85.60,13.21,86.00,465.40,17.00,3,0.00,50.65,0,tripinfo_81 emissions_81 fcd_81,DEFAULT_VEHTYPE,1.00,,8024.413330,267237.713155,42.731905,5.481768,115.147003,85238.086898,0
82,82.00,E0E1_0,5.10,0.00,0.00,170.00,A2A1_0,85.60,13.26,88.00,684.09,22.00,1,0.00,38.09,0,tripinfo_82 emissions_82 fcd_82,DEFAULT_VEHTYPE,1.02,,7464.107210,291334.183244,40.592127,5.552029,121.476490,92923.634381,0
83,87.00,B1B2_0,5.10,0.00,4.00,170.00,D1D0_0,85.60,13.21,83.00,469.76,13.00,2,0.00,45.47,0,tripinfo_83 emissions_83 fcd_83,DEFAULT_VEHTYPE,0.97,,7217.539478,248840.614722,38.558490,4.821229,104.981107,79370.342449,0
49,49.00,E3E4_0,5.10,0.00,0.00,172.00,E0E1_0,89.60,11.06,123.00,782.77,25.00,2,0.00,52.74,0,tripinfo_49 emissions_49 fcd_49,DEFAULT_VEHTYPE,0.85,,10188.975275,363338.689697,54.879049,6.997087,153.340476,115890.540593,0
68,70.00,A2A1_0,5.10,0.00,2.00,173.00,D3C3_0,85.60,13.71,103.00,655.67,28.00,1,0.00,54.50,0,tripinfo_68 emissions_68 fcd_68,DEFAULT_VEHTYPE,1.04,,9505.744165,339992.640444,51.153079,6.850300,144.770389,108443.735108,0
69,69.00,D3D2_0,5.10,0.00,0.00,173.00,A3B3_0,85.60,13.64,104.00,564.39,39.00,2,0.00,61.84,0,tripinfo_69 emissions_69 fcd_69,DEFAULT_VEHTYPE,1.02,,11075.566517,340320.106583,58.247812,6.983417,145.884492,108549.020441,0
59,59.00,C4D4_0,5.10,0.00,0.00,174.00,A4B4_0,89.60,12.99,115.00,660.57,38.00,2,0.00,62.66,0,tripinfo_59 emissions_59 fcd_59,DEFAULT_VEHTYPE,0.97,,11689.060668,379180.231454,62.028055,7.738314,162.400179,120943.548942,0
24,24.00,D0D1_0,5.10,0.00,0.00,176.00,B4B3_0,85.60,10.86,152.00,665.20,64.00,2,0.00,89.89,0,tripinfo_24 emissions_24 fcd_24,DEFAULT_VEHTYPE,0.83,,15646.536188,415185.355910,80.941050,8.550210,178.701063,132429.477478,0
26,26.00,B2B1_0,5.10,0.00,0.00,177.00,E3D3_0,85.60,11.89,151.00,655.67,65.00,3,0.00,96.31,0,tripinfo_26 emissions_26 fcd_26,DEFAULT_VEHTYPE,0.92,,16829.632286,448200.564895,87.080711,9.472235,194.195618,142959.861456,0
60,60.00,D3D2_0,5.10,0.00,0.00,190.00,C3C2_0,85.60,14.60,130.00,360.03,81.00,3,0.00,102.91,0,tripinfo_60 emissions_60 fcd_60,DEFAULT_VEHTYPE,1.08,,17909.659257,417216.902690,91.318928,9.475601,185.223415,133077.833884,0
67,72.00,A2A3_0,5.10,0.00,5.00,190.00,C2B2_0,85.60,11.81,118.00,464.39,59.00,2,0.00,79.36,0,tripinfo_67 emissions_67 fcd_67,DEFAULT_VEHTYPE,0.91,,13973.551158,362108.688154,72.109639,7.736041,157.680130,115499.776695,0
95,95.00,C0D0_0,5.10,0.00,0.00,190.00,B2B3_0,85.60,13.65,95.00,565.40,39.00,1,0.00,55.13,0,tripinfo_95 emissions_95 fcd_95,DEFAULT_VEHTYPE,1.06,,9918.753517,310925.016647,52.365850,6.402453,132.917865,99173.004667,0
74,82.00,B0C0_0,5.10,0.00,8.00,191.00,B3A3_0,85.60,13.18,109.00,565.20,41.00,1,0.00,63.22,0,tripinfo_74 emissions_74 fcd_74,DEFAULT_VEHTYPE,0.96,,11402.713240,337989.880260,59.738054,7.003302,145.435965,107805.951200,0
92,93.00,C0C1_0,5.10,0.00,1.00,194.00,B3C3_0,85.60,11.54,101.00,469.56,40.00,3,0.00,57.42,0,tripinfo_92 emissions_92 fcd_92,DEFAULT_VEHTYPE,0.83,,10514.075587,292725.006904,54.705236,5.995815,125.836225,93368.650374,0
